-- MySQL dump 10.13  Distrib 8.0.18, for Win64 (x86_64)
--
-- Host: 127.0.0.1    Database: news
-- ------------------------------------------------------
-- Server version	8.0.31

/*!40101 SET @OLD_CHARACTER_SET_CLIENT=@@CHARACTER_SET_CLIENT */;
/*!40101 SET @OLD_CHARACTER_SET_RESULTS=@@CHARACTER_SET_RESULTS */;
/*!40101 SET @OLD_COLLATION_CONNECTION=@@COLLATION_CONNECTION */;
/*!50503 SET NAMES utf8mb4 */;
/*!40103 SET @OLD_TIME_ZONE=@@TIME_ZONE */;
/*!40103 SET TIME_ZONE='+00:00' */;
/*!40014 SET @OLD_UNIQUE_CHECKS=@@UNIQUE_CHECKS, UNIQUE_CHECKS=0 */;
/*!40014 SET @OLD_FOREIGN_KEY_CHECKS=@@FOREIGN_KEY_CHECKS, FOREIGN_KEY_CHECKS=0 */;
/*!40101 SET @OLD_SQL_MODE=@@SQL_MODE, SQL_MODE='NO_AUTO_VALUE_ON_ZERO' */;
/*!40111 SET @OLD_SQL_NOTES=@@SQL_NOTES, SQL_NOTES=0 */;

--
-- Table structure for table `categories`
--

DROP TABLE IF EXISTS `categories`;
/*!40101 SET @saved_cs_client     = @@character_set_client */;
/*!50503 SET character_set_client = utf8mb4 */;
CREATE TABLE `categories` (
  `id` bigint unsigned NOT NULL AUTO_INCREMENT,
  `title` varchar(200) COLLATE utf8mb4_unicode_ci NOT NULL,
  `slug` varchar(200) COLLATE utf8mb4_unicode_ci NOT NULL,
  `description` text COLLATE utf8mb4_unicode_ci,
  `created_at` timestamp NULL DEFAULT NULL,
  `updated_at` timestamp NULL DEFAULT NULL,
  `status` enum('draft','active','blocked') COLLATE utf8mb4_unicode_ci NOT NULL,
  `image` varchar(255) COLLATE utf8mb4_unicode_ci DEFAULT NULL,
  PRIMARY KEY (`id`)
) ENGINE=InnoDB AUTO_INCREMENT=15 DEFAULT CHARSET=utf8mb4 COLLATE=utf8mb4_unicode_ci;
/*!40101 SET character_set_client = @saved_cs_client */;

--
-- Dumping data for table `categories`
--

LOCK TABLES `categories` WRITE;
/*!40000 ALTER TABLE `categories` DISABLE KEYS */;
INSERT INTO `categories` VALUES (1,'Армия','army','<p>sport sport Et aut adipisci dolorem nobis. Est consequuntur quidem et dolores aperiam dolore molestiae. test</p>','2023-01-29 17:34:42','2023-02-22 14:32:50','active',NULL),(2,'Политика','politics','<p>Ea quia dolor unde sint et sed. Ipsam vel enim natus natus deserunt dolor delectus quasi.</p>','2023-01-29 17:34:42','2023-02-22 16:57:53','active',NULL),(3,'Игры','games','<p>Neque sapiente incidunt sint officiis facilis ipsum aut quia. Rerum velit nostrum a beatae et.</p>','2023-01-29 17:34:42','2023-02-22 16:59:00','active',NULL),(4,'Экономика','economy','Et ex a tempore. Animi cum sint optio vel vitae sit. Necessitatibus iste quibusdam ea voluptatem.','2023-01-29 17:34:42','2023-01-29 17:34:42','draft',NULL),(5,'Москва','moscow_city','<p>Quia quia alias et quia sit. Aspernatur ullam qui odit non est ad exercitationem.</p>','2023-01-29 17:34:42','2023-02-22 14:47:01','draft',NULL),(6,'Общество','society','Et libero vel dolorem. Eum sed voluptatibus minus minus temporibus sed.','2023-02-03 13:14:11','2023-02-03 13:14:11','draft',NULL),(7,'Культура','culture','Quae consequuntur voluptas velit blanditiis quia. Eligendi corporis soluta harum numquam assumenda.','2023-02-03 13:08:28','2023-02-03 13:08:28','draft',NULL),(8,'Техника','technology','<p>Cumque beatae qui expedita. Et non neque eos hic. Ea voluptas expedita sit eum molestiae.</p>','2023-02-03 13:08:28','2023-02-22 14:04:15','draft',NULL),(9,'Авто','auto','Iure in ea doloribus adipisci eos a. Odit aut totam sed.','2023-02-03 13:08:28','2023-02-03 13:08:28','draft',NULL),(10,'В мире','world','Rerum nulla vero id corporis. Voluptas perspiciatis quo quia esse. Minima omnis illo expedita aut.','2023-02-03 13:08:28','2023-02-03 13:08:28','draft',NULL),(11,'Наука','science','Ea voluptate vitae debitis optio ad quaerat. Et qui est voluptas et eius voluptas distinctio et.','2023-02-03 13:08:28','2023-02-03 13:08:28','draft',NULL),(12,'Наука и техника','tech','<p>Itaque fugit fugit consequatur voluptatem et neque. At hic rem quos maxime sint ipsum non.</p>','2023-02-03 13:08:28','2023-02-22 14:01:53','draft',NULL),(13,'Праздники','holiday','<p>Dequ voluptate vitae debitis optio ad quaerat. Et qui est voluptas et eius voluptas distinctio et.</p>','2023-02-03 17:02:08','2023-02-22 14:44:40','draft',NULL),(14,'Подарки','gifts','<p>Sdfeq Itaque fugit fugit consequatur voluptatem et neque. At hic rem quos maxime sint ipsum non.</p>','2023-02-03 18:38:11','2023-02-22 14:46:00','draft',NULL);
/*!40000 ALTER TABLE `categories` ENABLE KEYS */;
UNLOCK TABLES;

--
-- Table structure for table `category_has_news`
--

DROP TABLE IF EXISTS `category_has_news`;
/*!40101 SET @saved_cs_client     = @@character_set_client */;
/*!50503 SET character_set_client = utf8mb4 */;
CREATE TABLE `category_has_news` (
  `category_id` bigint unsigned NOT NULL,
  `news_id` bigint unsigned NOT NULL,
  KEY `category_has_news_category_id_foreign` (`category_id`),
  KEY `category_has_news_news_id_foreign` (`news_id`),
  CONSTRAINT `category_has_news_category_id_foreign` FOREIGN KEY (`category_id`) REFERENCES `categories` (`id`) ON DELETE CASCADE,
  CONSTRAINT `category_has_news_news_id_foreign` FOREIGN KEY (`news_id`) REFERENCES `news` (`id`) ON DELETE CASCADE
) ENGINE=InnoDB DEFAULT CHARSET=utf8mb4 COLLATE=utf8mb4_unicode_ci;
/*!40101 SET character_set_client = @saved_cs_client */;

--
-- Dumping data for table `category_has_news`
--

LOCK TABLES `category_has_news` WRITE;
/*!40000 ALTER TABLE `category_has_news` DISABLE KEYS */;
INSERT INTO `category_has_news` VALUES (2,4),(2,5),(2,1),(8,56),(6,6),(8,6),(10,10),(6,1),(6,2),(8,2),(10,2),(10,3),(2,7),(8,8),(10,8),(6,9),(1,244),(1,243);
/*!40000 ALTER TABLE `category_has_news` ENABLE KEYS */;
UNLOCK TABLES;

--
-- Table structure for table `failed_jobs`
--

DROP TABLE IF EXISTS `failed_jobs`;
/*!40101 SET @saved_cs_client     = @@character_set_client */;
/*!50503 SET character_set_client = utf8mb4 */;
CREATE TABLE `failed_jobs` (
  `id` bigint unsigned NOT NULL AUTO_INCREMENT,
  `uuid` varchar(255) COLLATE utf8mb4_unicode_ci NOT NULL,
  `connection` text COLLATE utf8mb4_unicode_ci NOT NULL,
  `queue` text COLLATE utf8mb4_unicode_ci NOT NULL,
  `payload` longtext COLLATE utf8mb4_unicode_ci NOT NULL,
  `exception` longtext COLLATE utf8mb4_unicode_ci NOT NULL,
  `failed_at` timestamp NOT NULL DEFAULT CURRENT_TIMESTAMP,
  PRIMARY KEY (`id`),
  UNIQUE KEY `failed_jobs_uuid_unique` (`uuid`)
) ENGINE=InnoDB AUTO_INCREMENT=97 DEFAULT CHARSET=utf8mb4 COLLATE=utf8mb4_unicode_ci;
/*!40101 SET character_set_client = @saved_cs_client */;

--
-- Dumping data for table `failed_jobs`
--

LOCK TABLES `failed_jobs` WRITE;
/*!40000 ALTER TABLE `failed_jobs` DISABLE KEYS */;
INSERT INTO `failed_jobs` VALUES (96,'0dc3d5f1-ec03-40b2-ab6c-c9ace3d5dbb5','database','default','{\"uuid\":\"0dc3d5f1-ec03-40b2-ab6c-c9ace3d5dbb5\",\"displayName\":\"App\\\\Jobs\\\\JobNewsParsing\",\"job\":\"Illuminate\\\\Queue\\\\CallQueuedHandler@call\",\"maxTries\":null,\"maxExceptions\":null,\"failOnTimeout\":false,\"backoff\":null,\"timeout\":null,\"retryUntil\":null,\"data\":{\"commandName\":\"App\\\\Jobs\\\\JobNewsParsing\",\"command\":\"O:23:\\\"App\\\\Jobs\\\\JobNewsParsing\\\":1:{s:4:\\\"link\\\";s:32:\\\"https:\\/\\/news.rambler.ru\\/rss\\/army\\\";}\"}}','PDOException: SQLSTATE[42S22]: Column not found: 1054 Unknown column \'link\' in \'field list\' in /app/vendor/laravel/framework/src/Illuminate/Database/Connection.php:539\nStack trace:\n#0 /app/vendor/laravel/framework/src/Illuminate/Database/Connection.php(539): PDO->prepare()\n#1 /app/vendor/laravel/framework/src/Illuminate/Database/Connection.php(753): Illuminate\\Database\\Connection->Illuminate\\Database\\{closure}()\n#2 /app/vendor/laravel/framework/src/Illuminate/Database/Connection.php(720): Illuminate\\Database\\Connection->runQueryCallback()\n#3 /app/vendor/laravel/framework/src/Illuminate/Database/Connection.php(546): Illuminate\\Database\\Connection->run()\n#4 /app/vendor/laravel/framework/src/Illuminate/Database/Connection.php(498): Illuminate\\Database\\Connection->statement()\n#5 /app/vendor/laravel/framework/src/Illuminate/Database/Query/Builder.php(3224): Illuminate\\Database\\Connection->insert()\n#6 /app/app/Services/ParserService.php(122): Illuminate\\Database\\Query\\Builder->insert()\n#7 /app/app/Jobs/JobNewsParsing.php(38): App\\Services\\ParserService->saveParseData()\n#8 /app/vendor/laravel/framework/src/Illuminate/Container/BoundMethod.php(36): App\\Jobs\\JobNewsParsing->handle()\n#9 /app/vendor/laravel/framework/src/Illuminate/Container/Util.php(41): Illuminate\\Container\\BoundMethod::Illuminate\\Container\\{closure}()\n#10 /app/vendor/laravel/framework/src/Illuminate/Container/BoundMethod.php(93): Illuminate\\Container\\Util::unwrapIfClosure()\n#11 /app/vendor/laravel/framework/src/Illuminate/Container/BoundMethod.php(37): Illuminate\\Container\\BoundMethod::callBoundMethod()\n#12 /app/vendor/laravel/framework/src/Illuminate/Container/Container.php(663): Illuminate\\Container\\BoundMethod::call()\n#13 /app/vendor/laravel/framework/src/Illuminate/Bus/Dispatcher.php(128): Illuminate\\Container\\Container->call()\n#14 /app/vendor/laravel/framework/src/Illuminate/Pipeline/Pipeline.php(141): Illuminate\\Bus\\Dispatcher->Illuminate\\Bus\\{closure}()\n#15 /app/vendor/laravel/framework/src/Illuminate/Pipeline/Pipeline.php(116): Illuminate\\Pipeline\\Pipeline->Illuminate\\Pipeline\\{closure}()\n#16 /app/vendor/laravel/framework/src/Illuminate/Bus/Dispatcher.php(132): Illuminate\\Pipeline\\Pipeline->then()\n#17 /app/vendor/laravel/framework/src/Illuminate/Queue/CallQueuedHandler.php(124): Illuminate\\Bus\\Dispatcher->dispatchNow()\n#18 /app/vendor/laravel/framework/src/Illuminate/Pipeline/Pipeline.php(141): Illuminate\\Queue\\CallQueuedHandler->Illuminate\\Queue\\{closure}()\n#19 /app/vendor/laravel/framework/src/Illuminate/Pipeline/Pipeline.php(116): Illuminate\\Pipeline\\Pipeline->Illuminate\\Pipeline\\{closure}()\n#20 /app/vendor/laravel/framework/src/Illuminate/Queue/CallQueuedHandler.php(126): Illuminate\\Pipeline\\Pipeline->then()\n#21 /app/vendor/laravel/framework/src/Illuminate/Queue/CallQueuedHandler.php(70): Illuminate\\Queue\\CallQueuedHandler->dispatchThroughMiddleware()\n#22 /app/vendor/laravel/framework/src/Illuminate/Queue/Jobs/Job.php(98): Illuminate\\Queue\\CallQueuedHandler->call()\n#23 /app/vendor/laravel/framework/src/Illuminate/Queue/Worker.php(425): Illuminate\\Queue\\Jobs\\Job->fire()\n#24 /app/vendor/laravel/framework/src/Illuminate/Queue/Worker.php(375): Illuminate\\Queue\\Worker->process()\n#25 /app/vendor/laravel/framework/src/Illuminate/Queue/Worker.php(173): Illuminate\\Queue\\Worker->runJob()\n#26 /app/vendor/laravel/framework/src/Illuminate/Queue/Console/WorkCommand.php(147): Illuminate\\Queue\\Worker->daemon()\n#27 /app/vendor/laravel/framework/src/Illuminate/Queue/Console/WorkCommand.php(130): Illuminate\\Queue\\Console\\WorkCommand->runWorker()\n#28 /app/vendor/laravel/framework/src/Illuminate/Container/BoundMethod.php(36): Illuminate\\Queue\\Console\\WorkCommand->handle()\n#29 /app/vendor/laravel/framework/src/Illuminate/Container/Util.php(41): Illuminate\\Container\\BoundMethod::Illuminate\\Container\\{closure}()\n#30 /app/vendor/laravel/framework/src/Illuminate/Container/BoundMethod.php(93): Illuminate\\Container\\Util::unwrapIfClosure()\n#31 /app/vendor/laravel/framework/src/Illuminate/Container/BoundMethod.php(37): Illuminate\\Container\\BoundMethod::callBoundMethod()\n#32 /app/vendor/laravel/framework/src/Illuminate/Container/Container.php(663): Illuminate\\Container\\BoundMethod::call()\n#33 /app/vendor/laravel/framework/src/Illuminate/Console/Command.php(182): Illuminate\\Container\\Container->call()\n#34 /app/vendor/symfony/symfony/src/Symfony/Component/Console/Command/Command.php(312): Illuminate\\Console\\Command->execute()\n#35 /app/vendor/laravel/framework/src/Illuminate/Console/Command.php(152): Symfony\\Component\\Console\\Command\\Command->run()\n#36 /app/vendor/symfony/symfony/src/Symfony/Component/Console/Application.php(1022): Illuminate\\Console\\Command->run()\n#37 /app/vendor/symfony/symfony/src/Symfony/Component/Console/Application.php(314): Symfony\\Component\\Console\\Application->doRunCommand()\n#38 /app/vendor/symfony/symfony/src/Symfony/Component/Console/Application.php(168): Symfony\\Component\\Console\\Application->doRun()\n#39 /app/vendor/laravel/framework/src/Illuminate/Console/Application.php(102): Symfony\\Component\\Console\\Application->run()\n#40 /app/vendor/laravel/framework/src/Illuminate/Foundation/Console/Kernel.php(155): Illuminate\\Console\\Application->run()\n#41 /app/artisan(37): Illuminate\\Foundation\\Console\\Kernel->handle()\n#42 {main}\n\nNext Illuminate\\Database\\QueryException: SQLSTATE[42S22]: Column not found: 1054 Unknown column \'link\' in \'field list\' (SQL: insert into `news` (`title`, `link`, `author`, `description`, `pubDate`, `category`, `0`) values (Названо возможное наказание для обвиняемого в захвате власти военного ВСУ, https://news.rambler.ru/army/50259171-nazvano-vozmozhnoe-nakazanie-dlya-obvinyaemogo-v-zahvate-vlasti-voennogo-vsu/, Lenta.ru, Обвиняемому в насильственном захвате власти, жестоком обращении с гражданскими, убийстве и обучении в целях осуществления терроризма военному Вооруженных сил Украины (ВСУ) Антону Череднику может грозить вплоть до пожизненного., Wed, 22 Feb 2023 12:31:40 +0300, Армия, {\"title\":\"\\u041d\\u0430\\u0437\\u0432\\u0430\\u043d\\u043e \\u0432\\u043e\\u0437\\u043c\\u043e\\u0436\\u043d\\u043e\\u0435 \\u043d\\u0430\\u043a\\u0430\\u0437\\u0430\\u043d\\u0438\\u0435 \\u0434\\u043b\\u044f\\u00a0\\u043e\\u0431\\u0432\\u0438\\u043d\\u044f\\u0435\\u043c\\u043e\\u0433\\u043e \\u0432\\u00a0\\u0437\\u0430\\u0445\\u0432\\u0430\\u0442\\u0435 \\u0432\\u043b\\u0430\\u0441\\u0442\\u0438 \\u0432\\u043e\\u0435\\u043d\\u043d\\u043e\\u0433\\u043e \\u0412\\u0421\\u0423\",\"author\":\"LENTA.RU\",\"description\":\"\\u041e\\u0431\\u0432\\u0438\\u043d\\u044f\\u0435\\u043c\\u043e\\u043c\\u0443 \\u0432\\u00a0\\u043d\\u0430\\u0441\\u0438\\u043b\\u044c\\u0441\\u0442\\u0432\\u0435\\u043d\\u043d\\u043e\\u043c \\u0437\\u0430\\u0445\\u0432\\u0430\\u0442\\u0435 \\u0432\\u043b\\u0430\\u0441\\u0442\\u0438, \\u0436\\u0435\\u0441\\u0442\\u043e\\u043a\\u043e\\u043c \\u043e\\u0431\\u0440\\u0430\\u0449\\u0435\\u043d\\u0438\\u0438 \\u0441\\u00a0\\u0433\\u0440\\u0430\\u0436\\u0434\\u0430\\u043d\\u0441\\u043a\\u0438\\u043c\\u0438, \\u0443\\u0431\\u0438\\u0439\\u0441\\u0442\\u0432\\u0435 \\u0438\\u00a0\\u043e\\u0431\\u0443\\u0447\\u0435\\u043d\\u0438\\u0438 \\u0432\\u00a0\\u0446\\u0435\\u043b\\u044f\\u0445 \\u043e\\u0441\\u0443\\u0449\\u0435\\u0441\\u0442\\u0432\\u043b\\u0435\\u043d\\u0438\\u044f \\u0442\\u0435\\u0440\\u0440\\u043e\\u0440\\u0438\\u0437\\u043c\\u0430 \\u0432\\u043e\\u0435\\u043d\\u043d\\u043e\\u043c\\u0443 \\u0412\\u043e\\u043e\\u0440\\u0443\\u0436\\u0435\\u043d\\u043d\\u044b\\u0445 \\u0441\\u0438\\u043b\\u00a0\\u0423\\u043a\\u0440\\u0430\\u0438\\u043d\\u044b (\\u0412\\u0421\\u0423) \\u0410\\u043d\\u0442\\u043e\\u043d\\u0443 \\u0427\\u0435\\u0440\\u0435\\u0434\\u043d\\u0438\\u043a\\u0443 \\u043c\\u043e\\u0436\\u0435\\u0442 \\u0433\\u0440\\u043e\\u0437\\u0438\\u0442\\u044c \\u0432\\u043f\\u043b\\u043e\\u0442\\u044c \\u0434\\u043e\\u00a0\\u043f\\u043e\\u0436\\u0438\\u0437\\u043d\\u0435\\u043d\\u043d\\u043e\\u0433\\u043e.\",\"status\":\"draft\",\"updated_at\":\"2023-02-22T17:38:37.000000Z\",\"created_at\":\"2023-02-22T17:38:37.000000Z\",\"id\":254})) in /app/vendor/laravel/framework/src/Illuminate/Database/Connection.php:760\nStack trace:\n#0 /app/vendor/laravel/framework/src/Illuminate/Database/Connection.php(720): Illuminate\\Database\\Connection->runQueryCallback()\n#1 /app/vendor/laravel/framework/src/Illuminate/Database/Connection.php(546): Illuminate\\Database\\Connection->run()\n#2 /app/vendor/laravel/framework/src/Illuminate/Database/Connection.php(498): Illuminate\\Database\\Connection->statement()\n#3 /app/vendor/laravel/framework/src/Illuminate/Database/Query/Builder.php(3224): Illuminate\\Database\\Connection->insert()\n#4 /app/app/Services/ParserService.php(122): Illuminate\\Database\\Query\\Builder->insert()\n#5 /app/app/Jobs/JobNewsParsing.php(38): App\\Services\\ParserService->saveParseData()\n#6 /app/vendor/laravel/framework/src/Illuminate/Container/BoundMethod.php(36): App\\Jobs\\JobNewsParsing->handle()\n#7 /app/vendor/laravel/framework/src/Illuminate/Container/Util.php(41): Illuminate\\Container\\BoundMethod::Illuminate\\Container\\{closure}()\n#8 /app/vendor/laravel/framework/src/Illuminate/Container/BoundMethod.php(93): Illuminate\\Container\\Util::unwrapIfClosure()\n#9 /app/vendor/laravel/framework/src/Illuminate/Container/BoundMethod.php(37): Illuminate\\Container\\BoundMethod::callBoundMethod()\n#10 /app/vendor/laravel/framework/src/Illuminate/Container/Container.php(663): Illuminate\\Container\\BoundMethod::call()\n#11 /app/vendor/laravel/framework/src/Illuminate/Bus/Dispatcher.php(128): Illuminate\\Container\\Container->call()\n#12 /app/vendor/laravel/framework/src/Illuminate/Pipeline/Pipeline.php(141): Illuminate\\Bus\\Dispatcher->Illuminate\\Bus\\{closure}()\n#13 /app/vendor/laravel/framework/src/Illuminate/Pipeline/Pipeline.php(116): Illuminate\\Pipeline\\Pipeline->Illuminate\\Pipeline\\{closure}()\n#14 /app/vendor/laravel/framework/src/Illuminate/Bus/Dispatcher.php(132): Illuminate\\Pipeline\\Pipeline->then()\n#15 /app/vendor/laravel/framework/src/Illuminate/Queue/CallQueuedHandler.php(124): Illuminate\\Bus\\Dispatcher->dispatchNow()\n#16 /app/vendor/laravel/framework/src/Illuminate/Pipeline/Pipeline.php(141): Illuminate\\Queue\\CallQueuedHandler->Illuminate\\Queue\\{closure}()\n#17 /app/vendor/laravel/framework/src/Illuminate/Pipeline/Pipeline.php(116): Illuminate\\Pipeline\\Pipeline->Illuminate\\Pipeline\\{closure}()\n#18 /app/vendor/laravel/framework/src/Illuminate/Queue/CallQueuedHandler.php(126): Illuminate\\Pipeline\\Pipeline->then()\n#19 /app/vendor/laravel/framework/src/Illuminate/Queue/CallQueuedHandler.php(70): Illuminate\\Queue\\CallQueuedHandler->dispatchThroughMiddleware()\n#20 /app/vendor/laravel/framework/src/Illuminate/Queue/Jobs/Job.php(98): Illuminate\\Queue\\CallQueuedHandler->call()\n#21 /app/vendor/laravel/framework/src/Illuminate/Queue/Worker.php(425): Illuminate\\Queue\\Jobs\\Job->fire()\n#22 /app/vendor/laravel/framework/src/Illuminate/Queue/Worker.php(375): Illuminate\\Queue\\Worker->process()\n#23 /app/vendor/laravel/framework/src/Illuminate/Queue/Worker.php(173): Illuminate\\Queue\\Worker->runJob()\n#24 /app/vendor/laravel/framework/src/Illuminate/Queue/Console/WorkCommand.php(147): Illuminate\\Queue\\Worker->daemon()\n#25 /app/vendor/laravel/framework/src/Illuminate/Queue/Console/WorkCommand.php(130): Illuminate\\Queue\\Console\\WorkCommand->runWorker()\n#26 /app/vendor/laravel/framework/src/Illuminate/Container/BoundMethod.php(36): Illuminate\\Queue\\Console\\WorkCommand->handle()\n#27 /app/vendor/laravel/framework/src/Illuminate/Container/Util.php(41): Illuminate\\Container\\BoundMethod::Illuminate\\Container\\{closure}()\n#28 /app/vendor/laravel/framework/src/Illuminate/Container/BoundMethod.php(93): Illuminate\\Container\\Util::unwrapIfClosure()\n#29 /app/vendor/laravel/framework/src/Illuminate/Container/BoundMethod.php(37): Illuminate\\Container\\BoundMethod::callBoundMethod()\n#30 /app/vendor/laravel/framework/src/Illuminate/Container/Container.php(663): Illuminate\\Container\\BoundMethod::call()\n#31 /app/vendor/laravel/framework/src/Illuminate/Console/Command.php(182): Illuminate\\Container\\Container->call()\n#32 /app/vendor/symfony/symfony/src/Symfony/Component/Console/Command/Command.php(312): Illuminate\\Console\\Command->execute()\n#33 /app/vendor/laravel/framework/src/Illuminate/Console/Command.php(152): Symfony\\Component\\Console\\Command\\Command->run()\n#34 /app/vendor/symfony/symfony/src/Symfony/Component/Console/Application.php(1022): Illuminate\\Console\\Command->run()\n#35 /app/vendor/symfony/symfony/src/Symfony/Component/Console/Application.php(314): Symfony\\Component\\Console\\Application->doRunCommand()\n#36 /app/vendor/symfony/symfony/src/Symfony/Component/Console/Application.php(168): Symfony\\Component\\Console\\Application->doRun()\n#37 /app/vendor/laravel/framework/src/Illuminate/Console/Application.php(102): Symfony\\Component\\Console\\Application->run()\n#38 /app/vendor/laravel/framework/src/Illuminate/Foundation/Console/Kernel.php(155): Illuminate\\Console\\Application->run()\n#39 /app/artisan(37): Illuminate\\Foundation\\Console\\Kernel->handle()\n#40 {main}','2023-02-22 17:38:38');
/*!40000 ALTER TABLE `failed_jobs` ENABLE KEYS */;
UNLOCK TABLES;

--
-- Table structure for table `jobs`
--

DROP TABLE IF EXISTS `jobs`;
/*!40101 SET @saved_cs_client     = @@character_set_client */;
/*!50503 SET character_set_client = utf8mb4 */;
CREATE TABLE `jobs` (
  `id` bigint unsigned NOT NULL AUTO_INCREMENT,
  `queue` varchar(255) COLLATE utf8mb4_unicode_ci NOT NULL,
  `payload` longtext COLLATE utf8mb4_unicode_ci NOT NULL,
  `attempts` tinyint unsigned NOT NULL,
  `reserved_at` int unsigned DEFAULT NULL,
  `available_at` int unsigned NOT NULL,
  `created_at` int unsigned NOT NULL,
  PRIMARY KEY (`id`),
  KEY `jobs_queue_index` (`queue`)
) ENGINE=InnoDB AUTO_INCREMENT=142 DEFAULT CHARSET=utf8mb4 COLLATE=utf8mb4_unicode_ci;
/*!40101 SET character_set_client = @saved_cs_client */;

--
-- Dumping data for table `jobs`
--

LOCK TABLES `jobs` WRITE;
/*!40000 ALTER TABLE `jobs` DISABLE KEYS */;
/*!40000 ALTER TABLE `jobs` ENABLE KEYS */;
UNLOCK TABLES;

--
-- Table structure for table `mails`
--

DROP TABLE IF EXISTS `mails`;
/*!40101 SET @saved_cs_client     = @@character_set_client */;
/*!50503 SET character_set_client = utf8mb4 */;
CREATE TABLE `mails` (
  `id` bigint unsigned NOT NULL AUTO_INCREMENT,
  `username` varchar(200) COLLATE utf8mb4_unicode_ci NOT NULL,
  `comment` text COLLATE utf8mb4_unicode_ci NOT NULL,
  `status` enum('draft','active','blocked') COLLATE utf8mb4_unicode_ci NOT NULL,
  `created_at` timestamp NULL DEFAULT NULL,
  `updated_at` timestamp NULL DEFAULT NULL,
  PRIMARY KEY (`id`)
) ENGINE=InnoDB AUTO_INCREMENT=14 DEFAULT CHARSET=utf8mb4 COLLATE=utf8mb4_unicode_ci;
/*!40101 SET character_set_client = @saved_cs_client */;

--
-- Dumping data for table `mails`
--

LOCK TABLES `mails` WRITE;
/*!40000 ALTER TABLE `mails` DISABLE KEYS */;
INSERT INTO `mails` VALUES (1,'magnolia.reilly','Cum et aliquam voluptas itaque ea sint. Consequatur et beatae officiis est.\r\ntest','active','2023-02-04 10:51:30','2023-02-22 17:27:07'),(2,'sbarrows','Qui sint quam cumque aut. Minima officiis non sit labore. Et quia aut odit et consectetur.\r\naaaaaaaa','draft','2023-02-04 10:51:30','2023-02-17 19:52:01'),(3,'schaefer.josiane','Sapiente hic pariatur incidunt. Sunt nostrum ut et quo vero fuga.','draft','2023-02-04 10:51:30','2023-02-04 10:51:30'),(4,'verla.douglas','Sed minus laborum sit cumque quisquam voluptatem consequatur. Voluptatem dolor rerum voluptas et.','draft','2023-02-04 10:51:30','2023-02-04 10:51:30'),(5,'yundt.amos','Excepturi hic ea a quia labore. Similique et cumque laborum magni quibusdam officiis quibusdam.','draft','2023-02-04 10:51:30','2023-02-04 10:51:30'),(6,'muller.nick','Est velit vitae ut. Eligendi nihil earum ut vitae velit. Officia hic asperiores molestias.','draft','2023-02-04 10:51:30','2023-02-04 10:51:30'),(7,'jwalsh','Distinctio ex inventore et voluptate excepturi. Sint nostrum ipsum ad ad velit aut est.','draft','2023-02-04 10:51:30','2023-02-04 10:51:30'),(8,'bailee.wyman','Et ut vitae doloremque est. Dolore cupiditate voluptatum eum. Voluptatem sed dolore officiis.','draft','2023-02-04 10:51:30','2023-02-04 10:51:30'),(9,'lhirthe','Qui culpa expedita id dignissimos nulla quibusdam. Aut et vel quia non.','draft','2023-02-04 10:51:30','2023-02-04 10:51:30'),(10,'zfarrell','Expedita molestiae blanditiis consectetur veniam exercitationem. Et sint alias adipisci iste sunt.','draft','2023-02-04 10:51:30','2023-02-04 10:51:30'),(11,'kayden.bartell','Est voluptatem et porro nisi labore. Quod laudantium odit debitis sed consequatur perferendis.','draft','2023-02-04 10:51:30','2023-02-04 10:51:30'),(12,'verla42','Dolores deserunt qui facere voluptatibus. Et labore earum molestiae.','draft','2023-02-04 10:51:30','2023-02-04 10:51:30'),(13,'asd.lkj','zxc vbn mjh test test test','draft','2023-02-08 08:58:31','2023-02-08 08:58:31');
/*!40000 ALTER TABLE `mails` ENABLE KEYS */;
UNLOCK TABLES;

--
-- Table structure for table `migrations`
--

DROP TABLE IF EXISTS `migrations`;
/*!40101 SET @saved_cs_client     = @@character_set_client */;
/*!50503 SET character_set_client = utf8mb4 */;
CREATE TABLE `migrations` (
  `id` int unsigned NOT NULL AUTO_INCREMENT,
  `migration` varchar(255) COLLATE utf8mb4_unicode_ci NOT NULL,
  `batch` int NOT NULL,
  PRIMARY KEY (`id`)
) ENGINE=InnoDB AUTO_INCREMENT=24 DEFAULT CHARSET=utf8mb4 COLLATE=utf8mb4_unicode_ci;
/*!40101 SET character_set_client = @saved_cs_client */;

--
-- Dumping data for table `migrations`
--

LOCK TABLES `migrations` WRITE;
/*!40000 ALTER TABLE `migrations` DISABLE KEYS */;
INSERT INTO `migrations` VALUES (1,'2014_10_12_000000_create_users_table',1),(2,'2014_10_12_100000_create_password_resets_table',1),(3,'2019_08_19_000000_create_failed_jobs_table',1),(4,'2019_12_14_000001_create_personal_access_tokens_table',1),(5,'2023_01_29_132049_create_categories_table',1),(6,'2023_01_29_132536_create_news_table',1),(7,'2023_01_29_132902_create_category_has_news_table',1),(8,'2023_01_30_194115_create_news_sources_table',2),(9,'2023_01_31_094429_create_fk_news_table',3),(10,'2023_01_31_101644_add_status_to_categories_table',4),(11,'2023_01_31_103802_add_fk_source_id_to_news_table',5),(12,'2023_02_02_095935_add_column_image_to_news_table',6),(13,'2023_02_03_153647_add_column_image_to_categories_table',7),(14,'2023_02_03_154254_add_column_image_to_news_sources_table',7),(15,'2023_02_03_154254_add_column_image_for_news_sources_table',8),(16,'2023_02_04_084637_create_mails_table',9),(17,'2023_02_04_085137_create_orders_table',9),(18,'2023_02_09_111314_add_column_is_admin_to_users_table',10),(19,'2023_02_09_140259_add_column_status_to_users_table',11),(20,'2023_02_09_164117_add_column_image_to_users_table',12),(21,'2023_02_10_103552_add_column_last_login_at_to_users_table',13),(22,'2023_02_17_125716_create_jobs_table',14),(23,'2023_02_18_105145_create_newstest_table',15);
/*!40000 ALTER TABLE `migrations` ENABLE KEYS */;
UNLOCK TABLES;

--
-- Table structure for table `news`
--

DROP TABLE IF EXISTS `news`;
/*!40101 SET @saved_cs_client     = @@character_set_client */;
/*!50503 SET character_set_client = utf8mb4 */;
CREATE TABLE `news` (
  `id` bigint unsigned NOT NULL AUTO_INCREMENT,
  `title` varchar(200) COLLATE utf8mb4_unicode_ci NOT NULL,
  `description` text COLLATE utf8mb4_unicode_ci,
  `author` varchar(200) COLLATE utf8mb4_unicode_ci NOT NULL DEFAULT 'Admin',
  `status` enum('draft','active','blocked') COLLATE utf8mb4_unicode_ci NOT NULL,
  `created_at` timestamp NULL DEFAULT NULL,
  `updated_at` timestamp NULL DEFAULT NULL,
  `source_id` bigint unsigned DEFAULT NULL,
  `image` varchar(255) COLLATE utf8mb4_unicode_ci DEFAULT NULL,
  PRIMARY KEY (`id`),
  KEY `news_source_id_foreign` (`source_id`),
  CONSTRAINT `news_source_id_foreign` FOREIGN KEY (`source_id`) REFERENCES `news_sources` (`id`) ON DELETE CASCADE
) ENGINE=InnoDB AUTO_INCREMENT=255 DEFAULT CHARSET=utf8mb4 COLLATE=utf8mb4_unicode_ci;
/*!40101 SET character_set_client = @saved_cs_client */;

--
-- Dumping data for table `news`
--

LOCK TABLES `news` WRITE;
/*!40000 ALTER TABLE `news` DISABLE KEYS */;
INSERT INTO `news` VALUES (1,'Director Of Business Development','<p>Sint iure ut et harum incidunt. Quia voluptate nostrum eveniet et repudiandae. Ut placeat vero qui.</p>','ahmad.spinka','draft','2023-01-29 17:34:44','2023-02-22 13:57:48',1,'news/iEcgPcGfMJWW9CRusGUnAWsmDBAeOH1Vips7oAJl.ico'),(2,'Precision Devices Inspector','<p>Molestiae quas voluptatibus enim iusto. Explicabo corrupti quos voluptatem aut.</p>','myron.lubowitz','active','2023-01-29 17:34:44','2023-02-22 14:06:57',2,'news/8ij2458wrBPe5q8tkyr0JaLu551aa9BMiKTuTrWg.jpg'),(3,'Actuary','<p>Autem dolorem itaque et et et. Qui qui praesentium possimus eum saepe reiciendis similique.</p>','kuvalis.ignatius','active','2023-01-29 17:34:44','2023-02-22 14:08:51',3,'news/8iIeMN7Hvg850LZtlJEFbQjVX87gFOnpSQTeJY7q.ico'),(4,'Sociology Teacher','Harum aut aut voluptate quisquam molestiae. Eligendi enim vel quia perferendis ipsum illum rem.','nicole29','active','2023-01-29 17:34:44','2023-02-15 16:20:46',4,'news/np82EZ07xR2p1buvSIxDaAUvesjhH36gmf2AjNmQ.jpg'),(5,'Cartoonist','Earum quod adipisci neque ad aut iure qui. Et non pariatur nihil quasi quo qui.','jones.stephanie','draft','2023-01-29 17:34:44','2023-02-16 12:46:30',4,'news/9oSYUGykgCLtqjy9jqIMUWu45lG7lO4TkxUFds6C.ico'),(6,'Graduate Teaching Assistant','<p><i><strong>Nesciunt </strong></i>hic quod voluptas quisquam fuga nisi ullam. Natus sunt enim rerum et.</p>','myrl.vonrueden','draft','2023-01-29 17:34:44','2023-02-18 09:05:44',5,NULL),(7,'Explosives Expert','<p><i><strong>Exercitationem </strong></i>sunt eum reiciendis quas aut. Veniam consequatur ex rem enim.</p>','triston.pollich','draft','2023-01-29 17:34:44','2023-02-18 08:59:48',6,NULL),(8,'Photoengraver','<p>Officiis <strong>nemo </strong>id non <i>non</i>. Sapiente eum sit placeat quisquam est quia qui vel.</p>','pstrosin','blocked','2023-01-29 17:34:44','2023-02-17 17:40:43',11,'news/7UoqaWCBH3yrcscN2imlNV1O14L1x88H9gqifAKC.ico'),(9,'Life Science Technician','<p>Minus illo et sit amet. Hic omnis alias dolorem aliquid libero at qui.</p>','zena.zemlak','draft','2023-01-29 17:34:44','2023-02-22 14:28:57',8,NULL),(10,'Precious Stone Worker','<p>Nulla ex commodi sed. Ipsam velit animi blanditiis nihil molestias reprehenderit sed.</p>','bauch.augustine','draft','2023-01-29 17:34:44','2023-02-22 13:56:10',9,'news/IvdEm0r6M0DQNSSXKkuVSUKUZGaVEMzWw5DCJUlu.ico'),(56,'zagolovok zagolovok','opisanie opisanie','asd.fgh','draft','2023-02-06 19:34:03','2023-02-06 19:34:03',NULL,NULL),(126,'Больше 50 идей: что подарить маме на 8 марта','В честь 8 марта мамы традиционно получают цветы и комплименты, а также подарки, которые потом пылятся на полках, передариваются или даже обижают мам.','Admin','draft','2023-02-21 14:08:18','2023-02-21 14:08:18',NULL,NULL),(127,'Что подарить сестре на 8 Марта','День, с которого окончательно и бесповоротно начинается весна, — 8 Марта, или Международный женский день. Мужчины дарят подарки женщинам, а женщины — друг другу.','Admin','draft','2023-02-21 14:08:18','2023-02-21 14:08:18',NULL,NULL),(128,'Что подарить девушке на 8 марта','На постсоветском пространстве сформировалась особая традиция празднования Международного женского дня, появившегося как день солидарности женщин в борьбе за равные права.','Admin','draft','2023-02-21 14:08:18','2023-02-21 14:08:18',NULL,NULL),(129,'Больше 50 идей: что подарить парню на 23 февраля','День защитника Отечества, 23 февраля, давно превратился в праздник всех российских мужчин — от мала до велика, а не только тех, кто побывал в армии.','Admin','draft','2023-02-21 14:08:18','2023-02-21 14:08:18',NULL,NULL),(130,'Что подарить отцу на 23 февраля: топ-28 оригинальных идей','На День защитника Отечества хочется выбрать лучший подарок для папы, ведь именно папы становятся нашими первыми и главными защитниками на всю жизнь.','Admin','draft','2023-02-21 14:08:19','2023-02-21 14:08:19',NULL,NULL),(131,'Что подарить брату на 23 февраля','Предлагаем наш список подарков брату на 23 февраля.','Admin','draft','2023-02-21 14:08:19','2023-02-21 14:08:19',NULL,NULL),(132,'Что подарить парню на 14 февраля: топ-27 оригинальных идей','На День святого Валентина для своего любимого человека хочется сделать что-то особенное, чтобы он удивился, обрадовался и понял, что его сильно любят.','Admin','draft','2023-02-21 14:08:19','2023-02-21 14:08:19',NULL,NULL),(133,'Идеи подарков: чем порадовать жену на 14 февраля','Психотерапевты называют февраль одним из самых депрессивных месяцев, по статистике, особенно часто с сезонным аффективным расстройством в это время года сталкиваются женщины.','Admin','draft','2023-02-21 14:08:19','2023-02-21 14:08:19',NULL,NULL),(134,'Что подарить девушке на 14 февраля','День святого Валентина — еще один повод порадовать любимого человека.','Admin','draft','2023-02-21 14:08:19','2023-02-21 14:08:19',NULL,NULL),(135,'Сретение Господне в 2023: дата, история и традиции христианского праздника','Февраль — месяц, в котором православные верующие отмечают Сретение Господне. Этот праздник имеет фиксированную дату и ежегодно выпадает на 15 февраля — 2023 год не стал исключением.','Admin','draft','2023-02-21 14:08:20','2023-02-21 14:08:20',NULL,NULL),(136,'Пасха 2023 у православных: дата, история и традиции праздника в России','Для православных христиан Пасха — главный праздник в году. В этот день воскрес Иисус Христос, и все православные христиане приветствуют друг друга возгласом «Христос воскрес!','Admin','draft','2023-02-21 14:08:21','2023-02-21 14:08:21',NULL,NULL),(137,'8 марта, Международный женский день: суть, история и традиции праздника','Международный женский день традиционно отмечается 8 марта. Но всегда ли было так? Почему сейчас этот праздник ассоциируется с торжеством красоты, женственности, весны, а не борьбы за права женщин?','Admin','draft','2023-02-21 14:08:21','2023-02-21 14:08:21',NULL,NULL),(138,'День святого Валентина 2023: дата, история праздника День всех влюбленных','14 февраля во многих странах мира отмечается День святого Валентина: в этот день влюбленные мужчины и женщины дарят своим половинкам подарки, устраивают романтические свидания и приятные сюрпризы.','Admin','draft','2023-02-21 14:08:21','2023-02-21 14:08:21',NULL,NULL),(139,'Церковные праздники в феврале 2023: православный календарь','Православный календарь в последний месяц зимы богат на важные для православных верующих события. Одно из главных торжеств — это Сретение Господне. Какие еще есть церковные праздники в феврале 2023 года?','Admin','draft','2023-02-21 14:08:21','2023-02-21 14:08:21',NULL,NULL),(140,'День защитника Отечества (23 февраля): история, значение и традиции праздника','Каждый год 23 февраля в России отмечают День защитника Отечества. Этому празднику более ста лет, но он по-прежнему остается в числе любимых.','Admin','draft','2023-02-21 14:08:21','2023-02-21 14:08:21',NULL,NULL),(141,'День студента (Татьянин день) 2023: дата, история и суть праздника','В России День студента всегда отмечался с особым размахом.','Admin','draft','2023-02-21 14:08:21','2023-02-21 14:08:21',NULL,NULL),(142,'День Республики Крым: дата, история праздника','Каждый год — 20 января — в Крыму отмечают День Республики.','Admin','draft','2023-02-21 14:08:21','2023-02-21 14:08:21',NULL,NULL),(143,'Китайский Новый год 2023: дата, как отмечают, история праздника','Не все знают, что в Китае Новый год наступает не 1 января, как в большинстве стран мира, а в другой день.','Admin','draft','2023-02-21 14:08:21','2023-02-21 14:08:21',NULL,NULL),(144,'Васильев день: дата, история и традиции празднования','Новый год был и остается одним из самых важных праздников для россиян.','Admin','draft','2023-02-21 14:08:21','2023-02-21 14:08:21',NULL,NULL),(145,'В Центральном доме ученых в Москве пройдет праздничный концерт к 23 февраля','В пятницу, 24 февраля, в Большом зале Центрального дома ученых пройдет концерт, посвященный Дню защитника Отечества. Зрители услышат военные и русские народные песни, романсы и оперетту.','Admin','draft','2023-02-21 14:08:22','2023-02-21 14:08:22',NULL,NULL),(146,'В Москве в честь 23 Февраля пассажиры метро смогут бесплатно отправить открытки по России','В честь Дня защитника Отечества пассажиры столичного метро могут бесплатно отправить открытки по России. Об этом во вторник, 21 февраля, сообщили в пресс-службе городского департамента транспорта и развития дорожно-транспортной инфраструктуры.','Admin','draft','2023-02-21 14:08:23','2023-02-21 14:08:23',NULL,NULL),(147,'Названа новая дата прихода климатической весны в Москву','Новую дату прихода климатической весны в Москву назвал «Ленте. ру» специалист центра погоды «Фобос» Михаил Леус. Он сообщил, что метеорологические службы перешли на новые климатические нормы.','Admin','draft','2023-02-21 14:08:23','2023-02-21 14:08:23',NULL,NULL),(148,'Названы главные «фишки» московского языка 90-х','Главные «фишки» московского языка 90-х назвал в беседе с «Мослентой» лингвист, доктор филологических наук, профессор, заведующий лабораторией лингвистической конфликтологии и современных коммуникативных практик НИУ ВШЭ Максим Кронгауз.','Admin','draft','2023-02-21 14:08:23','2023-02-21 14:08:23',NULL,NULL),(149,'В Москве повысили температуру в системе отопления из-за похолодания','В столице была повышена температура в системе отопления из-за похолодания. Об этом во вторник, 21 февраля, сообщил заместитель мэра Москвы по вопросам жилищно-коммунального хозяйства и благоустройства Петр Бирюков.','Admin','draft','2023-02-21 14:08:23','2023-02-21 14:08:23',NULL,NULL),(150,'Крытый переход со станции метро «Прокшино» в одноименный бизнес-квартал построят до конца года','Началось строительство крытого перехода со станции метро «Прокшино» в одноименный бизнес-квартал в поселении Сосенское на территории ТиНАО.','Admin','draft','2023-02-21 14:08:24','2023-02-21 14:08:24',NULL,NULL),(151,'Раскрыты самые интересные экскурсионные маршруты в Москве','Самые интересные экскурсионные маршруты по Москве раскрыли на официальном сайте мэра столицы местные гиды. В Международный день экскурсовода, 21 февраля, специалисты дали москвичам и гостям города несколько рекомендаций.','Admin','draft','2023-02-21 14:08:24','2023-02-21 14:08:24',NULL,NULL),(152,'В Москве из-за послания Путина перекрыли часть улиц','Ряд улиц в центре Москвы перекрыт из-за послания президента России Владимира Путина Федеральному собранию. Схема участков, которые временно недоступны для проезда, размещена на сайте московского транспорта.','Admin','draft','2023-02-21 14:08:24','2023-02-21 14:08:24',NULL,NULL),(153,'Посетители «Московской Масленицы» смогут поздравить участников СВО с 23 февраля','Гости фестивальных площадок «Московская Масленица» смогут поздравить участников спецоперации с Днем защитника Отечества, записав видеообращение или подписав открытку. Об этом сообщает оргкомитет цикла городских и уличных фестивалей «Московские сезоны».','Admin','draft','2023-02-21 14:08:24','2023-02-21 14:08:24',NULL,NULL),(154,'Метеоролог рассказал о новых климатических нормах в Москве','Из-за изменений климата метеорологические службы перешли на новые климатические нормы. После подсчета данных за последние 30 лет выяснилось, что средняя дата прихода весны сместилась на неделю вперед. Об этом «Ленте.','Admin','draft','2023-02-21 14:08:25','2023-02-21 14:08:25',NULL,NULL),(155,'Берлускони возмутили слова Зеленского','Бывший премьер-министр Италии Сильвио Берлускони резко ответил на заявление президента Украины о нем. Об этом пишет газета La Repubblica, передает ТАСС.','Admin','draft','2023-02-22 09:53:56','2023-02-22 09:53:56',NULL,NULL),(156,'Китай обозначил позицию по вопросу ДСНВ','Китай надеется, что Россия и США смогут договориться по Договору о сокращении стратегических наступательных вооружений (ДСНВ) с помощью консультаций.','Admin','draft','2023-02-22 09:53:57','2023-02-22 09:53:57',NULL,NULL),(157,'Моравецкий осудил политику Меркель в отношении России','Премьер-министр Польши Матеуш Моравецкий назвал неправильной политику экс-канцлера Германии Ангелы Меркель в отношении РФ. Об этом сообщает «Газета. ру» со ссылкой на New York Times.','Admin','draft','2023-02-22 09:53:58','2023-02-22 09:53:58',NULL,NULL),(158,'Обзор иноСМИ: проблемы Индии с оплатой российской нефти и планы Нетаньяху посетить Киев','Рамблер проверил, что пишут сегодня зарубежные СМИ, и отобрал самые важные и интересные материалы. Читайте дайджест и подписывайтесь на Рамблер в соцсетях: ВКонтакте, Одноклассники.','Admin','draft','2023-02-22 09:53:58','2023-02-22 09:53:58',NULL,NULL),(159,'Президент Польши оговорился и поблагодарил российских солдат за героизм','Президент Польши Анджей Дуда во время выступления в Варшаве оговорился и поблагодарил за героизм российских военнослужащих вместо украинских. Об этом сообщает EADaily.','Admin','draft','2023-02-22 09:53:58','2023-02-22 09:53:58',NULL,NULL),(160,'Врач сообщила об ухудшении состояния Саакашвили','Состояние экс-президента Грузии Михаила Саакашвили ухудшается из-за его отказа полноценно питаться. Об этом в среду заявила лечащий врач политика в тбилисской частной клинике Тамара Даварашвили на пресс-конференции.','Admin','draft','2023-02-22 09:53:58','2023-02-22 09:53:58',NULL,NULL),(161,'В Иране заявили, что инспекторы МАГАТЭ приехали в Тегеран','Глава Организации по атомной энергии Ирана (ОАЭИ) Мохаммад Эслами заявил, что инспекторы Международного агентства атомной энергии (МАГАТЭ) уже второй день находятся в Тегеране и осуществляют необходимые проверки ядерных объектов.','Admin','draft','2023-02-22 09:53:59','2023-02-22 09:53:59',NULL,NULL),(162,'СМИ сообщили о взрывах в Харькове','В Харькове были слышны четыре мощных взрыва. Об этом со ссылкой на очевидцев пишет украинское издание «Страна. ua».','Admin','draft','2023-02-22 09:53:59','2023-02-22 09:53:59',NULL,NULL),(163,'МИД Китая высказался по вопросу ДСНВ','Китай выразил надежду, что Россия и США урегулируют вопросы по ДСНВ с помощью консультаций, заявил официальный представитель МИД КНР Ван Вэньбинь. Об этом пишет РИА Новости.','Admin','draft','2023-02-22 09:53:59','2023-02-22 09:53:59',NULL,NULL),(164,'В Казахстане ожидают подтверждения визита Блинкена в республику','Министерство иностранных дел Казахстана ожидает от американских властей подтверждения визита в республику госсекретаря США Энтони Блинкена.','Admin','draft','2023-02-22 09:54:00','2023-02-22 09:54:00',NULL,NULL),(165,'Nikkei: в Китае запретили крупным компаниям размещать на своих платформах ChatGPT','Власти Китая запретили крупнейшим китайским технологическим компаниям в каком-либо виде размещать на своих платформах бота ChatGPT. Об этом в среду сообщила крупнейшая деловая газета Японии Nikkei.','Admin','draft','2023-02-22 09:54:04','2023-02-22 09:54:04',NULL,NULL),(166,'Ученые поняли, почему на Марсе еще не найдена жизнь','Международная группа ученых утверждает, что древние органические материалы в марсианских породах трудно или даже невозможно обнаружить с помощью современных приборов и методов.','Admin','draft','2023-02-22 09:54:05','2023-02-22 09:54:05',NULL,NULL),(167,'Создан носимый гаджет, который определяет усталость владельца по голосу','Ученые из Северо-Западного университета (штат Иллинойс, США) представили первый в мире носимый гаджет, способный определять усталость владельца по его голосу. Об этом сообщает портал MedicalXpress.','Admin','draft','2023-02-22 09:54:05','2023-02-22 09:54:05',NULL,NULL),(168,'«Роскосмос» объяснил отказ вернуть россиян на Crew Dragon','В «Роскосмосе» посчитали рискованным вариант размещения россиян с неисправного «Союза МС-22» на Crew Dragon. Об этом заявил исполнительный директор по пилотируемым программам российской госкорпорации Сергей Крикалев, пишет РИА Новости.','Admin','draft','2023-02-22 09:54:06','2023-02-22 09:54:06',NULL,NULL),(169,'В самом дорогом смартфоне Samsung нашли дефект','Пользователи Samsung Galaxy S23 Ultra рассказали о дефекте телефона. Об этом сообщает издание BGR. Журналисты портала обратили внимание на жалобы владельцев нового флагмана Samsung в соцсетях.','Admin','draft','2023-02-22 09:54:06','2023-02-22 09:54:06',NULL,NULL),(170,'Очень Большой Телескоп сделал прямой снимок гигантской экзопланеты','Очень Большой Телескоп (Very Large Telescope, или VLT) в Чили сделал снимки одной из крупнейших известных экзопланет. Она вращается вокруг молодой звезды AF Leporis, сообщает Space. com.','Admin','draft','2023-02-22 09:54:07','2023-02-22 09:54:07',NULL,NULL),(171,'Microsoft нашла новый способ помешать вам перейти на Chrome вместо стандартного Edge','Не первый год Microsoft пытается переманить пользователей Google Chrome. В результате компанию частенько критикуют за использование агрессивных и враждебных методов.','Admin','draft','2023-02-22 09:54:07','2023-02-22 09:54:07',NULL,NULL),(172,'Китайский «убийца» ChatGPT перестал работать через пару часов после запуска','Не так давно команда разработчиков из Фуданьского университета в Шанхае запустила собственного чат-бота с искусственным интеллектом — MOSS. Инженеры сравнивали своё детище с ChatGPT от OpenAI.','Admin','draft','2023-02-22 09:54:07','2023-02-22 09:54:07',NULL,NULL),(173,'В Эквадоре придумали неожиданный способ утилизации кокаина','В Эквадоре приступили к переработке кокаина в стройматериалы. Делают это при поддержке Управления ООН по наркотикам и преступности (UNODC), пишет Reuters. Процесс предусматривает использование метода инкапсуляции.','Admin','draft','2023-02-22 09:54:08','2023-02-22 09:54:08',NULL,NULL),(174,'Роскосмос сообщил об участии NASA в поиске решений ситуации с «Союзом МС-22»','Американские специалисты полностью включились в поиск решений нештатной ситуации с космическим кораблем «Союз МС-22». Об этом сообщил журналистам в среду исполнительный директор Роскосмоса по пилотируемым космическим программам Сергей Крикалев.','Admin','draft','2023-02-22 09:54:08','2023-02-22 09:54:08',NULL,NULL),(175,'Российский препарат вылечил почти полмиллиона больных COVID-19','Применение оригинальных российских генно-инженерных биологических препаратов за прошлый год выросло на 450 процентов. В 2021 году терапию левилимабом получили 470 тысяч пациентов, у которых был выявлен коронавирус.','Admin','draft','2023-02-22 09:54:10','2023-02-22 09:54:10',NULL,NULL),(176,'Рейтинг: лучшие российские смартфоны в 2022 году','Американская компания Apple, производитель iPhone, в марте приостановила продажи и поставки своей техники в Россию, за ней последовали Samsung и Nokia.','Admin','draft','2023-02-22 09:54:11','2023-02-22 09:54:11',NULL,NULL),(177,'Как сохранить и переместить данные из Инстаграм*','После блокировки инстаграм* в России (владелец соцсети — Meta — признана в РФ экстремистской организацией и запрещена) многие пользователи решили удалить свои аккаунты и перейти в другие соцсети.','Admin','draft','2023-02-22 09:54:12','2023-02-22 09:54:12',NULL,NULL),(178,'Владельцы новых планшетов Apple пожаловались на низкое качество сборки','iPad уже не те? Некоторые пользователи iPad Air пятого поколения пожаловались на снижение качества сборки. Владельцы планшетов утверждают, что ‌iPad Air‌ имеет заметно более тонкий алюминиевый корпус.','Admin','draft','2023-02-22 09:54:12','2023-02-22 09:54:12',NULL,NULL),(179,'Что делать при блокировке сервисов Google','Инфраструктура Google охватывает множество сервисов и сайтов. На работе IT-гиганта завязаны сервера, IP-адреса, облачные хранилища.','Admin','draft','2023-02-22 09:54:12','2023-02-22 09:54:12',NULL,NULL),(180,'Какие приложения помогут общаться без интернета','Существуют сервисы, которые позволяют пользователям обмениваться данными без подключения к глобальной Сети. Такие приложения работают через Bluetooth, или GPS.','Admin','draft','2023-02-22 09:54:12','2023-02-22 09:54:12',NULL,NULL),(181,'Как защититься от телефонного спама','Активность телефонных спамеров уже много лет набирает обороты в России — они предлагают «очень выгодные» предложения от медцентров и стоматологий, призывают оформить кредиты и просто прозванивают номера из баз.','Admin','draft','2023-02-22 09:54:13','2023-02-22 09:54:13',NULL,NULL),(182,'Как платить в App Store и Google Play без банковских карт','Поскольку Visa и Mastercard приостановили работу в России, у многих пользователей возник вопрос, как им оплачивать покупки в магазинах приложений App Store и Google Play.','Admin','draft','2023-02-22 09:54:13','2023-02-22 09:54:13',NULL,NULL),(183,'«Яндекс» или Atom: какой российский браузер выбрать','Минцифры рекомендовало пользователям сайта «Госуслуги» перейти на браузеры, которые поддерживают российский сертификат безопасности связи, сообщил со ссылкой на пресс-релиз министерства. Отмечается, что речь идет о таких веб-обозревателях, как «Яндекс.','Admin','draft','2023-02-22 09:54:13','2023-02-22 09:54:13',NULL,NULL),(184,'Какие мессенджеры могут стать альтернативой WhatsApp и Telegram','В последние дни на фоне антироссийских санкций, к которым присоединились зарубежные IT-компании, многие пользователи стали переходить на Telegram. Однако у Роскомнадзора возникли претензии к мессенджеру Павла Дурова.','Admin','draft','2023-02-22 09:54:14','2023-02-22 09:54:14',NULL,NULL),(185,'Подарки на Пасху: 5 оригинальных идей для близких и друзей','Близится главный праздник всех православных верующих — Пасха.','Admin','draft','2023-02-22 09:54:15','2023-02-22 09:54:15',NULL,NULL),(186,'Больше 50 идей: что подарить маме на 8 марта','В честь 8 марта мамы традиционно получают цветы и комплименты, а также подарки, которые потом пылятся на полках, передариваются или даже обижают мам.','Admin','draft','2023-02-22 09:54:15','2023-02-22 09:54:15',NULL,NULL),(187,'Что подарить сестре на 8 Марта','День, с которого окончательно и бесповоротно начинается весна, — 8 Марта, или Международный женский день. Мужчины дарят подарки женщинам, а женщины — друг другу.','Admin','draft','2023-02-22 09:54:16','2023-02-22 09:54:16',NULL,NULL),(188,'Что подарить девушке на 8 марта','На постсоветском пространстве сформировалась особая традиция празднования Международного женского дня, появившегося как день солидарности женщин в борьбе за равные права.','Admin','draft','2023-02-22 09:54:16','2023-02-22 09:54:16',NULL,NULL),(189,'Больше 50 идей: что подарить парню на 23 февраля','День защитника Отечества, 23 февраля, давно превратился в праздник всех российских мужчин — от мала до велика, а не только тех, кто побывал в армии.','Admin','draft','2023-02-22 09:54:17','2023-02-22 09:54:17',NULL,NULL),(190,'Что подарить отцу на 23 февраля: топ-28 оригинальных идей','На День защитника Отечества хочется выбрать лучший подарок для папы, ведь именно папы становятся нашими первыми и главными защитниками на всю жизнь.','Admin','draft','2023-02-22 09:54:17','2023-02-22 09:54:17',NULL,NULL),(191,'Что подарить брату на 23 февраля','Предлагаем наш список подарков брату на 23 февраля.','Admin','draft','2023-02-22 09:54:17','2023-02-22 09:54:17',NULL,NULL),(192,'Что подарить парню на 14 февраля: топ-27 оригинальных идей','На День святого Валентина для своего любимого человека хочется сделать что-то особенное, чтобы он удивился, обрадовался и понял, что его сильно любят.','Admin','draft','2023-02-22 09:54:17','2023-02-22 09:54:17',NULL,NULL),(193,'Идеи подарков: чем порадовать жену на 14 февраля','Психотерапевты называют февраль одним из самых депрессивных месяцев, по статистике, особенно часто с сезонным аффективным расстройством в это время года сталкиваются женщины.','Admin','draft','2023-02-22 09:54:18','2023-02-22 09:54:18',NULL,NULL),(194,'Что подарить девушке на 14 февраля','День святого Валентина — еще один повод порадовать любимого человека.','Admin','draft','2023-02-22 09:54:18','2023-02-22 09:54:18',NULL,NULL),(195,'Сретение Господне в 2023: дата, история и традиции христианского праздника','Февраль — месяц, в котором православные верующие отмечают Сретение Господне. Этот праздник имеет фиксированную дату и ежегодно выпадает на 15 февраля — 2023 год не стал исключением.','Admin','draft','2023-02-22 09:54:21','2023-02-22 09:54:21',NULL,NULL),(196,'Пасха 2023 у православных: дата, история и традиции праздника в России','Для православных христиан Пасха — главный праздник в году. В этот день воскрес Иисус Христос, и все православные христиане приветствуют друг друга возгласом «Христос воскрес!','Admin','draft','2023-02-22 09:54:21','2023-02-22 09:54:21',NULL,NULL),(197,'8 марта, Международный женский день: суть, история и традиции праздника','Международный женский день традиционно отмечается 8 марта. Но всегда ли было так? Почему сейчас этот праздник ассоциируется с торжеством красоты, женственности, весны, а не борьбы за права женщин?','Admin','draft','2023-02-22 09:54:21','2023-02-22 09:54:21',NULL,NULL),(198,'День святого Валентина 2023: дата, история праздника День всех влюбленных','14 февраля во многих странах мира отмечается День святого Валентина: в этот день влюбленные мужчины и женщины дарят своим половинкам подарки, устраивают романтические свидания и приятные сюрпризы.','Admin','draft','2023-02-22 09:54:22','2023-02-22 09:54:22',NULL,NULL),(199,'Церковные праздники в феврале 2023: православный календарь','Православный календарь в последний месяц зимы богат на важные для православных верующих события. Одно из главных торжеств — это Сретение Господне. Какие еще есть церковные праздники в феврале 2023 года?','Admin','draft','2023-02-22 09:54:22','2023-02-22 09:54:22',NULL,NULL),(200,'День защитника Отечества (23 февраля): история, значение и традиции праздника','Каждый год 23 февраля в России отмечают День защитника Отечества. Этому празднику более ста лет, но он по-прежнему остается в числе любимых.','Admin','draft','2023-02-22 09:54:22','2023-02-22 09:54:22',NULL,NULL),(201,'День студента (Татьянин день) 2023: дата, история и суть праздника','В России День студента всегда отмечался с особым размахом.','Admin','draft','2023-02-22 09:54:23','2023-02-22 09:54:23',NULL,NULL),(202,'День Республики Крым: дата, история праздника','Каждый год — 20 января — в Крыму отмечают День Республики.','Admin','draft','2023-02-22 09:54:23','2023-02-22 09:54:23',NULL,NULL),(203,'Китайский Новый год 2023: дата, как отмечают, история праздника','Не все знают, что в Китае Новый год наступает не 1 января, как в большинстве стран мира, а в другой день.','Admin','draft','2023-02-22 09:54:23','2023-02-22 09:54:23',NULL,NULL),(204,'Васильев день: дата, история и традиции празднования','Новый год был и остается одним из самых важных праздников для россиян.','Admin','draft','2023-02-22 09:54:24','2023-02-22 09:54:24',NULL,NULL),(205,'Вход на станцию «Спортивная» в Москве временно закрыт из-за митинга-концерта в «Лужниках»','Вестибюли станции метро «Спортивная» временно работают только на выход. Как сообщает «Говорит Москва», ограничение связано с митингом-концертом «Слава защитникам Отечества», который состоится сегодня в «Лужниках».','Admin','draft','2023-02-22 09:54:26','2023-02-22 09:54:26',NULL,NULL),(206,'В Новой Москве открыли православный центр для поддержки людей с аутизмом','Церковный фонд «Дорога милосердия» открыл в деревне Пучково в Новой Москве «Дом особенных людей» для подопечных с аутизмом, сообщил в среду Синодальный отдел Московского патриархата по благотворительности.','Admin','draft','2023-02-22 09:54:26','2023-02-22 09:54:26',NULL,NULL),(207,'Фотовыставка о работниках НКО открылась на Гоголевском бульваре в Москве','На Гоголевском бульваре открылась фотовыставка «Город неравнодушных», где участие приняли представители 18 столичных некоммерческих организаций (НКО).','Admin','draft','2023-02-22 09:54:26','2023-02-22 09:54:26',NULL,NULL),(208,'Добровольцы спасли в Москве более 230 людей в 2022 году','За весь прошлый год добровольцы спасли в столице более 230 людей и 320 животных. Волонтеры общественной безопасности помогают горожанам, городским службам, пожарным отрядам и бригадам скорой помощи.','Admin','draft','2023-02-22 09:54:27','2023-02-22 09:54:27',NULL,NULL),(209,'МосгорБТИ обследовало здания музея-усадьбы «Кусково» после реставрации','Специалисты Московского городского бюро технической инвентаризации (МосгорБТИ) обследовали музей-усадьбу «Кусково» и подготовили для зданий комплекса технические паспорта.','Admin','draft','2023-02-22 09:54:27','2023-02-22 09:54:27',NULL,NULL),(210,'Москвичам спрогнозировали легкий мороз и слабый снег','Ведущий специалист центра погоды «Фобос» Алина Котилевская спрогнозировала москвичам легкий мороз и слабый снег в среду, 22 февраля. Ее слова передает РИА Новости.','Admin','draft','2023-02-22 09:54:28','2023-02-22 09:54:28',NULL,NULL),(211,'В Москве отремонтировали дом 1960 года постройки','В московском районе Аэропорт отремонтировали восьмиэтажный дом, построенный в 1960 году, сообщила пресс-служба столичного фонда капремонта.','Admin','draft','2023-02-22 09:54:28','2023-02-22 09:54:28',NULL,NULL),(212,'В Кузьминках открыли детскую поликлинику нового поколения','В Москве после капитального ремонта открылась очередная детская поликлиника, на этот раз в Кузьминках. Ее не просто привели в порядок, а фактически сделали заново по новому московскому стандарту.','Admin','draft','2023-02-22 09:54:28','2023-02-22 09:54:28',NULL,NULL),(213,'Останкинскую телебашню украсит изображение флага России в честь 23 февраля','Останкинская телебашня включит архитектурно-художественную подсветку в честь Дня защитника Отечества. Москвичи смогут увидеть на ней изображение флага России, сообщается на сайте Российской телевизионной радиовещательной сети (РТРС).','Admin','draft','2023-02-22 09:54:29','2023-02-22 09:54:29',NULL,NULL),(214,'Москвичам пообещали аномальный мороз','Аномальный мороз до минус 28 градусов пообещал жителям столицы научный руководитель Гидрометцентра России Роман Вильфанд. Он сообщил «Интерфаксу», что в среду, 22 февраля прогнозируется самый холодный день.','Admin','draft','2023-02-22 09:54:29','2023-02-22 09:54:29',NULL,NULL),(215,'Минобороны сделало заявление после приостановки участия России в ДСНВ','Несмотря на приостановку участия в договоре СНВ, Россия намерена и дальше соблюдать ограничения по количеству носителей ядерных боезарядов, а также продолжит обмен уведомлений.','Admin','draft','2023-02-22 12:03:38','2023-02-22 12:03:38',NULL,NULL),(216,'В России назвали условия возобновления участия страны в ДСНВ','Еще в 2021 году Россия просила США предоставить гарантии безопасности, но ответа так и не получила.','Admin','draft','2023-02-22 12:03:39','2023-02-22 12:03:39',NULL,NULL),(217,'В ДНР заявили о скором отступлении ВСУ из Артемовска','Вооруженные силы Украины (ВСУ) вскоре сдадут Артемовск, бои идут почти в центре города, заявил советник главы Донецкой народной республики (ДНР) Ян Гагин. Его слова передает РИА Новости.','Admin','draft','2023-02-22 12:03:41','2023-02-22 12:03:41',NULL,NULL),(218,'Названо возможное наказание для обвиняемого в захвате власти военного ВСУ','Обвиняемому в насильственном захвате власти, жестоком обращении с гражданскими, убийстве и обучении в целях осуществления терроризма военному Вооруженных сил Украины (ВСУ) Антону Череднику может грозить вплоть до пожизненного.','Admin','draft','2023-02-22 12:03:44','2023-02-22 12:03:44',NULL,NULL),(219,'Военнопленный рассказал о воюющих на стороне ВСУ британцах','Британские офицеры и пулеметчики воюют на стороне Киева против российских сил. Об этом рассказал украинских военнопленный, передает РИА Новости.','Admin','draft','2023-02-22 12:03:45','2023-02-22 12:03:45',NULL,NULL),(220,'США передадут Украине дальнобойные бомбы Jdam-ER','США передадут Украине дальнобойные бомбы Jdam-ER с GPS-наведением и дальностью поражения более 72 км. Об этом сообщает Bloomberg со ссылкой на источники. Бомбы Jdam-ER производятся компанией Boeing.','Admin','draft','2023-02-22 12:03:46','2023-02-22 12:03:46',NULL,NULL),(221,'СМИ: в Мариуполе сбили два беспилотника','В Мариуполе в ночь на среду, 22 февраля, система ПВО уничтожила два беспилотника. Об этом сообщает РИА Новости со ссылкой на администрацию города. Другие детали происшествия пока неизвестны.','Admin','draft','2023-02-22 12:03:47','2023-02-22 12:03:47',NULL,NULL),(222,'В ДНР сообщили о нанесении украинскими силами удара из РСЗО по Дебальцево','Вооруженные силы Украины в ночь на среду выпустили по городу Дебальцево шесть ракет из реактивной системы залпового огня (РСЗО).','Admin','draft','2023-02-22 12:03:49','2023-02-22 12:03:49',NULL,NULL),(223,'Спецоперация на Украине 22 февраля: последние новости на сегодня','Российская спецоперация на Украине проходит с 24 февраля. Мы собрали самые свежие новости об СВО на сегодня, 22 февраля 2023 года.','Admin','draft','2023-02-22 12:03:54','2023-02-22 12:03:54',NULL,NULL),(224,'Мобилизация: последние новости на сегодня 22 февраля 2023 о частичной мобилизации в России','В последние месяцы российская армия пополнилась примерно 300 тыс. мобилизованных. Самые свежие новости о них на сегодня, 22 февраля 2023, в материале «Рамблера».','Admin','draft','2023-02-22 12:03:58','2023-02-22 12:03:58',NULL,NULL),(225,'Испания передаст Украине танки Leopard','Испания передаст Украине шесть танков Leopard 2A4, сообщила министр обороны королевства Маргарита Роблес. Ее слова приводит агентство Europa Press.','Admin','draft','2023-02-22 12:31:56','2023-02-22 12:31:56',NULL,NULL),(226,'Минобороны сделало заявление после приостановки участия России в ДСНВ','Несмотря на приостановку участия в договоре СНВ, Россия намерена и дальше соблюдать ограничения по количеству носителей ядерных боезарядов, а также продолжит обмен уведомлений.','Admin','draft','2023-02-22 12:31:57','2023-02-22 12:31:57',NULL,NULL),(227,'Что такое ДСНВ: суть приостановки Россией договора СНВ-3 и чем это грозит','Накануне президент Владимир Путин в послании Федеральному собранию объявил о приостановке Россией участия в Договоре о сокращении стратегических наступательных вооружений. Что это означает, разбирался «Рамблер».','Admin','draft','2023-02-22 12:31:57','2023-02-22 12:31:57',NULL,NULL),(228,'В России назвали условия возобновления участия страны в ДСНВ','Еще в 2021 году Россия просила США предоставить гарантии безопасности, но ответа так и не получила.','Admin','draft','2023-02-22 12:31:57','2023-02-22 12:31:57',NULL,NULL),(229,'В ДНР заявили о скором отступлении ВСУ из Артемовска','Вооруженные силы Украины (ВСУ) вскоре сдадут Артемовск, бои идут почти в центре города, заявил советник главы Донецкой народной республики (ДНР) Ян Гагин. Его слова передает РИА Новости.','Admin','draft','2023-02-22 12:31:57','2023-02-22 12:31:57',NULL,NULL),(230,'Названо возможное наказание для обвиняемого в захвате власти военного ВСУ','Обвиняемому в насильственном захвате власти, жестоком обращении с гражданскими, убийстве и обучении в целях осуществления терроризма военному Вооруженных сил Украины (ВСУ) Антону Череднику может грозить вплоть до пожизненного.','Admin','draft','2023-02-22 12:31:57','2023-02-22 12:31:57',NULL,NULL),(231,'Военнопленный рассказал о воюющих на стороне ВСУ британцах','Британские офицеры и пулеметчики воюют на стороне Киева против российских сил. Об этом рассказал украинских военнопленный, передает РИА Новости.','Admin','draft','2023-02-22 12:31:58','2023-02-22 12:31:58',NULL,NULL),(232,'США передадут Украине дальнобойные бомбы Jdam-ER','США передадут Украине дальнобойные бомбы Jdam-ER с GPS-наведением и дальностью поражения более 72 км. Об этом сообщает Bloomberg со ссылкой на источники. Бомбы Jdam-ER производятся компанией Boeing.','Admin','draft','2023-02-22 12:31:58','2023-02-22 12:31:58',NULL,NULL),(233,'СМИ: в Мариуполе сбили два беспилотника','В Мариуполе в ночь на среду, 22 февраля, система ПВО уничтожила два беспилотника. Об этом сообщает РИА Новости со ссылкой на администрацию города. Другие детали происшествия пока неизвестны.','Admin','draft','2023-02-22 12:31:59','2023-02-22 12:31:59',NULL,NULL),(234,'В ДНР сообщили о нанесении украинскими силами удара из РСЗО по Дебальцево','Вооруженные силы Украины в ночь на среду выпустили по городу Дебальцево шесть ракет из реактивной системы залпового огня (РСЗО).','Admin','draft','2023-02-22 12:31:59','2023-02-22 12:31:59',NULL,NULL),(235,'Испания передаст Украине танки Leopard','Испания передаст Украине шесть танков Leopard 2A4, сообщила министр обороны королевства Маргарита Роблес. Ее слова приводит агентство Europa Press.','Admin','draft','2023-02-22 12:59:42','2023-02-22 12:59:42',NULL,NULL),(236,'Минобороны сделало заявление после приостановки участия России в ДСНВ','Несмотря на приостановку участия в договоре СНВ, Россия намерена и дальше соблюдать ограничения по количеству носителей ядерных боезарядов, а также продолжит обмен уведомлений.','Admin','draft','2023-02-22 12:59:43','2023-02-22 12:59:43',NULL,NULL),(237,'Что такое ДСНВ: суть приостановки Россией договора СНВ-3 и чем это грозит','Накануне президент Владимир Путин в послании Федеральному собранию объявил о приостановке Россией участия в Договоре о сокращении стратегических наступательных вооружений. Что это означает, разбирался «Рамблер».','Admin','draft','2023-02-22 12:59:43','2023-02-22 12:59:43',NULL,NULL),(238,'В России назвали условия возобновления участия страны в ДСНВ','Еще в 2021 году Россия просила США предоставить гарантии безопасности, но ответа так и не получила.','Admin','draft','2023-02-22 12:59:43','2023-02-22 12:59:43',NULL,NULL),(239,'В ДНР заявили о скором отступлении ВСУ из Артемовска','Вооруженные силы Украины (ВСУ) вскоре сдадут Артемовск, бои идут почти в центре города, заявил советник главы Донецкой народной республики (ДНР) Ян Гагин. Его слова передает РИА Новости.','Admin','draft','2023-02-22 12:59:44','2023-02-22 12:59:44',NULL,NULL),(240,'Названо возможное наказание для обвиняемого в захвате власти военного ВСУ','Обвиняемому в насильственном захвате власти, жестоком обращении с гражданскими, убийстве и обучении в целях осуществления терроризма военному Вооруженных сил Украины (ВСУ) Антону Череднику может грозить вплоть до пожизненного.','Admin','draft','2023-02-22 12:59:44','2023-02-22 12:59:44',NULL,NULL),(241,'Военнопленный рассказал о воюющих на стороне ВСУ британцах','Британские офицеры и пулеметчики воюют на стороне Киева против российских сил. Об этом рассказал украинских военнопленный, передает РИА Новости.','Admin','draft','2023-02-22 12:59:45','2023-02-22 12:59:45',NULL,NULL),(242,'США передадут Украине дальнобойные бомбы Jdam-ER','США передадут Украине дальнобойные бомбы Jdam-ER с GPS-наведением и дальностью поражения более 72 км. Об этом сообщает Bloomberg со ссылкой на источники. Бомбы Jdam-ER производятся компанией Boeing.','Admin','draft','2023-02-22 12:59:46','2023-02-22 12:59:46',NULL,NULL),(243,'СМИ: в Мариуполе сбили два беспилотника','<p>В&nbsp;Мариуполе в&nbsp;ночь на&nbsp;среду, 22&nbsp;февраля, система ПВО&nbsp;уничтожила два&nbsp;беспилотника. Об&nbsp;этом сообщает РИА&nbsp;Новости со&nbsp;ссылкой на&nbsp;администрацию города. Другие детали происшествия пока неизвестны.</p>','admin','active','2023-02-22 12:59:46','2023-02-22 16:54:06',8,NULL),(244,'В ДНР сообщили о нанесении украинскими силами удара из РСЗО по Дебальцево','<p>Вооруженные силы Украины в&nbsp;ночь на&nbsp;среду выпустили по&nbsp;городу Дебальцево шесть ракет из&nbsp;реактивной системы залпового огня (РСЗО).</p>','admin','active','2023-02-22 12:59:46','2023-02-22 16:43:50',9,NULL),(245,'В России нашли ответ американским JDAM-ER на Украине','Имеющиеся у Вооруженных сил России системы противовоздушной обороны (ПВО) способны перехватывать высокоточные бомбы JDAM-ER, которые США планируют направить Вооруженным силам Украины (ВСУ).','lenta.ru','draft','2023-02-22 17:38:34','2023-02-22 17:38:34',NULL,NULL),(246,'Трансгендерам хотят запретить служить в армии США','Сенаторы Марко Рубио и Джим Бэнкс разработали законопроект, запрещающий трансгендерам служить в вооруженных силах США. Об этом сообщает новостной портал LGBTQ Nation.','Газета.ru','draft','2023-02-22 17:38:34','2023-02-22 17:38:34',NULL,NULL),(247,'Глава ГУР Буданов назвал три главных поражения Украины','Глава Главного управления разведки (ГУР) Украины Кирилл Буданов назвал три главных поражения военно-политического руководства страны. Об этом стало известно в среду, 22 февраля.','Вечерняя Москва','draft','2023-02-22 17:38:35','2023-02-22 17:38:35',NULL,NULL),(248,'Глава украинской разведки спрогнозировал сроки решающих боев','Начальник Главного управления разведки (ГУР) Минобороны Украины Кирилл Буданов спрогнозировал сроки решающих боев с российскими войсками. В интервью изданию Forbes.','lenta.ru','draft','2023-02-22 17:38:35','2023-02-22 17:38:35',NULL,NULL),(249,'Испания передаст Украине танки Leopard','Испания передаст Украине шесть танков Leopard 2A4, сообщила министр обороны королевства Маргарита Роблес. Ее слова приводит агентство Europa Press.','lenta.ru','draft','2023-02-22 17:38:36','2023-02-22 17:38:36',NULL,NULL),(250,'Минобороны сделало заявление после приостановки участия России в ДСНВ','Несмотря на приостановку участия в договоре СНВ, Россия намерена и дальше соблюдать ограничения по количеству носителей ядерных боезарядов, а также продолжит обмен уведомлений.','Рамблер','draft','2023-02-22 17:38:36','2023-02-22 17:38:36',NULL,NULL),(251,'Что такое ДСНВ: суть приостановки Россией договора СНВ-3 и чем это грозит','Накануне президент Владимир Путин в послании Федеральному собранию объявил о приостановке Россией участия в Договоре о сокращении стратегических наступательных вооружений. Что это означает, разбирался «Рамблер».','Рамблер','draft','2023-02-22 17:38:36','2023-02-22 17:38:36',NULL,NULL),(252,'В России назвали условия возобновления участия страны в ДСНВ','Еще в 2021 году Россия просила США предоставить гарантии безопасности, но ответа так и не получила.','lenta.ru','draft','2023-02-22 17:38:36','2023-02-22 17:38:36',NULL,NULL),(253,'В ДНР заявили о скором отступлении ВСУ из Артемовска','Вооруженные силы Украины (ВСУ) вскоре сдадут Артемовск, бои идут почти в центре города, заявил советник главы Донецкой народной республики (ДНР) Ян Гагин. Его слова передает РИА Новости.','lenta.ru','draft','2023-02-22 17:38:36','2023-02-22 17:38:36',NULL,NULL),(254,'Названо возможное наказание для обвиняемого в захвате власти военного ВСУ','Обвиняемому в насильственном захвате власти, жестоком обращении с гражданскими, убийстве и обучении в целях осуществления терроризма военному Вооруженных сил Украины (ВСУ) Антону Череднику может грозить вплоть до пожизненного.','lenta.ru','draft','2023-02-22 17:38:37','2023-02-22 17:38:37',NULL,NULL);
/*!40000 ALTER TABLE `news` ENABLE KEYS */;
UNLOCK TABLES;

--
-- Table structure for table `news_sources`
--

DROP TABLE IF EXISTS `news_sources`;
/*!40101 SET @saved_cs_client     = @@character_set_client */;
/*!50503 SET character_set_client = utf8mb4 */;
CREATE TABLE `news_sources` (
  `id` bigint unsigned NOT NULL AUTO_INCREMENT,
  `title` varchar(200) COLLATE utf8mb4_unicode_ci NOT NULL,
  `description` text COLLATE utf8mb4_unicode_ci,
  `url` text COLLATE utf8mb4_unicode_ci NOT NULL,
  `status` enum('draft','active','blocked') COLLATE utf8mb4_unicode_ci NOT NULL,
  `created_at` timestamp NULL DEFAULT NULL,
  `updated_at` timestamp NULL DEFAULT NULL,
  `image` varchar(255) COLLATE utf8mb4_unicode_ci DEFAULT NULL,
  PRIMARY KEY (`id`)
) ENGINE=InnoDB AUTO_INCREMENT=17 DEFAULT CHARSET=utf8mb4 COLLATE=utf8mb4_unicode_ci;
/*!40101 SET character_set_client = @saved_cs_client */;

--
-- Dumping data for table `news_sources`
--

LOCK TABLES `news_sources` WRITE;
/*!40000 ALTER TABLE `news_sources` DISABLE KEYS */;
INSERT INTO `news_sources` VALUES (1,'Communications Teacher','<p><strong>Eum </strong>qui aperiam nihil qui totam. Similique id modi maiores non. test test test</p>','http://www.schaden.info/illum-et-aut-dolor-quidem-rem-enim.html','active','2023-01-31 11:29:50','2023-02-22 17:26:11',NULL),(2,'Social Worker Fanss','Et tempore libero illum similique ad. Fuga et aut sed. Eum eligendi animi qui impedit a.aa','http://www.kihn.info/amet-aut-eveniet-aut-ut-voluptatem-expeditaqq','draft','2023-01-31 11:29:50','2023-02-03 21:15:38',NULL),(3,'Computer','Vitae dolore quo reiciendis expedita odio et et. Qui nemo architecto in adipisci. Sed quas id sint.','https://kshlerin.com/illo-voluptas-id-ipsam-dolorum-et-iusto.html','draft','2023-01-31 11:29:50','2023-01-31 11:29:50',NULL),(4,'Building Cleaning Worker','Et et aliquid molestias eligendi omnis eos et. Est officia laboriosam enim nemo libero quidem et.','http://www.heaney.net/reprehenderit-doloremque-tempora-commodi-earum-error','draft','2023-01-31 11:29:50','2023-01-31 11:29:50',NULL),(5,'Medical Appliance Technician','Deleniti rerum non dolorem sequi et. Ab eaque itaque facere eligendi nemo sint.','http://johnston.org/et-est-eius-reiciendis-labore-aut.html','draft','2023-01-31 11:29:50','2023-01-31 11:29:50',NULL),(6,'Inspector','Quia deserunt est omnis a. Molestias consequatur alias ut dolores. Fugit quas quia fuga ut.','http://bergnaum.com/aut-voluptatibus-explicabo-laudantium-placeat-similique-enim-ipsam.html','draft','2023-01-31 11:49:52','2023-01-31 11:49:52',NULL),(7,'Social Science Research Assistant','Fugit quae eveniet praesentium qui recusandae explicabo. Illum quia id non occaecati.','http://www.stark.net/','draft','2023-01-31 11:49:52','2023-01-31 11:49:52',NULL),(8,'Athletes and Sports Competitor','Molestias eligendi culpa repellendus minima sequi. Quas quia nesciunt praesentium sint atque a.','http://www.rau.com/doloremque-reiciendis-aut-ut-voluptas-eveniet-modi','draft','2023-01-31 11:49:52','2023-01-31 11:49:52',NULL),(9,'Fraud Investigator','Qui aut possimus nobis sint deserunt. Ipsa ut qui sit qui. Fugiat dolor harum id et quis qui.','http://www.hodkiewicz.com/reprehenderit-asperiores-explicabo-laudantium-cupiditate-fugit-ad-ab-non','draft','2023-01-31 11:49:52','2023-01-31 11:49:52',NULL),(10,'Heating and Air Conditioning Mechanic','Cum occaecati non et laboriosam. Aut repellat quas est aut eos. Debitis commodi quaerat et.','http://www.maggio.biz/odit-autem-et-ut-perspiciatis-corrupti','draft','2023-01-31 11:49:52','2023-01-31 11:49:52',NULL),(11,'Assembler','Qui vitae vero praesentium veritatis. Expedita magni et natus et. Et et error aspernatur non ex.','http://beatty.org/modi-recusandae-rerum-doloribus-sapiente-praesentium-natus','draft','2023-01-31 11:49:52','2023-01-31 11:49:52',NULL),(12,'Municipal Clerk','Ea iusto dolorem saepe et. Quis quo qui omnis ex ullam qui perspiciatis.','http://boyle.com/voluptas-dolor-error-fuga-autem-molestiae-quis-provident.html','draft','2023-01-31 11:49:52','2023-01-31 11:49:52',NULL),(13,'Logistician','Sed voluptatem numquam aut quis nihil sit et. Sit rerum voluptatem ea beatae qui deserunt.','http://abshire.info/','draft','2023-01-31 11:49:52','2023-01-31 11:49:52',NULL),(14,'Private Sector Executive','Eum ut ipsum architecto magnam non. Distinctio facilis rerum pariatur maxime laborum.','http://www.nikolaus.biz/','draft','2023-01-31 11:49:52','2023-01-31 11:49:52',NULL),(15,'Captain','Eaque aut esse et doloribus voluptatem harum. Incidunt modi quos commodi hic sint perferendis.','http://www.blick.com/','draft','2023-01-31 11:49:52','2023-01-31 11:49:52',NULL),(16,'Источник тест 1','Описание источник тест 1','http://www.qwer.tyu','draft','2023-02-03 18:13:44','2023-02-03 18:13:44',NULL);
/*!40000 ALTER TABLE `news_sources` ENABLE KEYS */;
UNLOCK TABLES;

--
-- Table structure for table `newstest`
--

DROP TABLE IF EXISTS `newstest`;
/*!40101 SET @saved_cs_client     = @@character_set_client */;
/*!50503 SET character_set_client = utf8mb4 */;
CREATE TABLE `newstest` (
  `id` bigint unsigned NOT NULL AUTO_INCREMENT,
  `title` varchar(200) COLLATE utf8mb4_unicode_ci NOT NULL,
  `description` text COLLATE utf8mb4_unicode_ci,
  `author` varchar(200) COLLATE utf8mb4_unicode_ci NOT NULL DEFAULT 'Admin',
  `status` enum('draft','active','blocked') COLLATE utf8mb4_unicode_ci NOT NULL,
  `created_at` timestamp NULL DEFAULT NULL,
  `updated_at` timestamp NULL DEFAULT NULL,
  PRIMARY KEY (`id`)
) ENGINE=InnoDB DEFAULT CHARSET=utf8mb4 COLLATE=utf8mb4_unicode_ci;
/*!40101 SET character_set_client = @saved_cs_client */;

--
-- Dumping data for table `newstest`
--

LOCK TABLES `newstest` WRITE;
/*!40000 ALTER TABLE `newstest` DISABLE KEYS */;
/*!40000 ALTER TABLE `newstest` ENABLE KEYS */;
UNLOCK TABLES;

--
-- Table structure for table `orders`
--

DROP TABLE IF EXISTS `orders`;
/*!40101 SET @saved_cs_client     = @@character_set_client */;
/*!50503 SET character_set_client = utf8mb4 */;
CREATE TABLE `orders` (
  `id` bigint unsigned NOT NULL AUTO_INCREMENT,
  `username` varchar(200) COLLATE utf8mb4_unicode_ci NOT NULL,
  `userphone` varchar(200) COLLATE utf8mb4_unicode_ci DEFAULT NULL,
  `usermail` varchar(200) COLLATE utf8mb4_unicode_ci NOT NULL,
  `orderinfo` text COLLATE utf8mb4_unicode_ci NOT NULL,
  `status` enum('draft','active','blocked','canceled') COLLATE utf8mb4_unicode_ci NOT NULL,
  `created_at` timestamp NULL DEFAULT NULL,
  `updated_at` timestamp NULL DEFAULT NULL,
  PRIMARY KEY (`id`)
) ENGINE=InnoDB AUTO_INCREMENT=14 DEFAULT CHARSET=utf8mb4 COLLATE=utf8mb4_unicode_ci;
/*!40101 SET character_set_client = @saved_cs_client */;

--
-- Dumping data for table `orders`
--

LOCK TABLES `orders` WRITE;
/*!40000 ALTER TABLE `orders` DISABLE KEYS */;
INSERT INTO `orders` VALUES (1,'minerva35','+1-727-293-4222','obergnaum@hotmail.com','Quia quis in voluptas aspernatur. Quam sit ut cum ut totam quo ipsa. Eius maiores facilis et harum.\r\ntest','active','2023-02-04 10:52:08','2023-02-22 17:27:54'),(2,'asatterfield','725.666.3403','hsanford@yahoo.com','At dolore velit saepe facilis rerum amet. Dolore et laborum et ut. Ut aliquid modi et et magni et.','draft','2023-02-04 10:52:08','2023-02-04 10:52:08'),(3,'lzulauf','440-885-4022','willy.nikolaus@von.com','Voluptatem veniam sint voluptatum aut. Neque nulla qui optio molestias neque molestias ut culpa.','draft','2023-02-04 10:52:08','2023-02-04 10:52:08'),(4,'cary.gutmann','980.709.9130','imaggio@yahoo.com','Accusantium et modi enim error facilis illo. Optio natus porro fuga laborum.','draft','2023-02-04 10:52:08','2023-02-04 10:52:08'),(5,'gschulist','(478) 209-3837','bjones@rice.com','Et laborum aliquam iure eum. Aut et nisi consequatur quis quis eum magni.','draft','2023-02-04 10:52:08','2023-02-04 10:52:08'),(6,'jeremie42','304-923-6180','teagan84@gmail.com','Porro optio eaque ducimus deleniti. Consequatur totam consectetur non. Alias sequi facere et esse.','draft','2023-02-04 10:52:08','2023-02-04 10:52:08'),(7,'mfeest','714.431.9991','katelynn74@kutch.biz','Illum iusto voluptatum in voluptas. Sapiente ea est qui pariatur. Ea sunt ullam rerum quos.','draft','2023-02-04 10:52:08','2023-02-04 10:52:08'),(8,'wkuvalis','908-308-1656','natalie59@pfeffer.biz','Occaecati voluptatibus perferendis ipsa ut ipsa. Quis quod odio est inventore.','draft','2023-02-04 10:52:08','2023-02-04 10:52:08'),(9,'lklocko','+1-828-402-5188','isaias67@wunsch.com','Et dolores quod error non est. Fugiat est aut nihil id. Repellendus est qui aut dolorem sint a.','draft','2023-02-04 10:52:08','2023-02-04 10:52:08'),(10,'carley.lebsack','+1 (763) 488-9122','meredith.bayer@koepp.net','Officiis aut a error rerum laudantium. Ratione sint eveniet ut quaerat nihil voluptas.','draft','2023-02-04 10:52:08','2023-02-04 10:52:08'),(11,'tyreek.fahey','347-573-8457','uleannon@yahoo.com','Fuga ea reprehenderit voluptate distinctio ea expedita. Id omnis odit ipsum veniam.','draft','2023-02-04 10:52:08','2023-02-04 10:52:08'),(12,'modesto04','+1-380-389-0973','jennifer.turcotte@yahoo.com','Placeat nostrum quia qui et voluptatem officia explicabo. Enim et sequi expedita.','draft','2023-02-04 10:52:08','2023-02-04 10:52:08'),(13,'user4','12233445','qweqwe.tyu','werbvc','draft','2023-02-08 09:14:26','2023-02-08 09:14:26');
/*!40000 ALTER TABLE `orders` ENABLE KEYS */;
UNLOCK TABLES;

--
-- Table structure for table `password_resets`
--

DROP TABLE IF EXISTS `password_resets`;
/*!40101 SET @saved_cs_client     = @@character_set_client */;
/*!50503 SET character_set_client = utf8mb4 */;
CREATE TABLE `password_resets` (
  `email` varchar(255) COLLATE utf8mb4_unicode_ci NOT NULL,
  `token` varchar(255) COLLATE utf8mb4_unicode_ci NOT NULL,
  `created_at` timestamp NULL DEFAULT NULL,
  PRIMARY KEY (`email`)
) ENGINE=InnoDB DEFAULT CHARSET=utf8mb4 COLLATE=utf8mb4_unicode_ci;
/*!40101 SET character_set_client = @saved_cs_client */;

--
-- Dumping data for table `password_resets`
--

LOCK TABLES `password_resets` WRITE;
/*!40000 ALTER TABLE `password_resets` DISABLE KEYS */;
/*!40000 ALTER TABLE `password_resets` ENABLE KEYS */;
UNLOCK TABLES;

--
-- Table structure for table `personal_access_tokens`
--

DROP TABLE IF EXISTS `personal_access_tokens`;
/*!40101 SET @saved_cs_client     = @@character_set_client */;
/*!50503 SET character_set_client = utf8mb4 */;
CREATE TABLE `personal_access_tokens` (
  `id` bigint unsigned NOT NULL AUTO_INCREMENT,
  `tokenable_type` varchar(255) COLLATE utf8mb4_unicode_ci NOT NULL,
  `tokenable_id` bigint unsigned NOT NULL,
  `name` varchar(255) COLLATE utf8mb4_unicode_ci NOT NULL,
  `token` varchar(64) COLLATE utf8mb4_unicode_ci NOT NULL,
  `abilities` text COLLATE utf8mb4_unicode_ci,
  `last_used_at` timestamp NULL DEFAULT NULL,
  `expires_at` timestamp NULL DEFAULT NULL,
  `created_at` timestamp NULL DEFAULT NULL,
  `updated_at` timestamp NULL DEFAULT NULL,
  PRIMARY KEY (`id`),
  UNIQUE KEY `personal_access_tokens_token_unique` (`token`),
  KEY `personal_access_tokens_tokenable_type_tokenable_id_index` (`tokenable_type`,`tokenable_id`)
) ENGINE=InnoDB DEFAULT CHARSET=utf8mb4 COLLATE=utf8mb4_unicode_ci;
/*!40101 SET character_set_client = @saved_cs_client */;

--
-- Dumping data for table `personal_access_tokens`
--

LOCK TABLES `personal_access_tokens` WRITE;
/*!40000 ALTER TABLE `personal_access_tokens` DISABLE KEYS */;
/*!40000 ALTER TABLE `personal_access_tokens` ENABLE KEYS */;
UNLOCK TABLES;

--
-- Table structure for table `users`
--

DROP TABLE IF EXISTS `users`;
/*!40101 SET @saved_cs_client     = @@character_set_client */;
/*!50503 SET character_set_client = utf8mb4 */;
CREATE TABLE `users` (
  `id` bigint unsigned NOT NULL AUTO_INCREMENT,
  `is_admin` tinyint(1) NOT NULL DEFAULT '0',
  `name` varchar(255) COLLATE utf8mb4_unicode_ci NOT NULL,
  `email` varchar(255) COLLATE utf8mb4_unicode_ci NOT NULL,
  `email_verified_at` timestamp NULL DEFAULT NULL,
  `password` varchar(255) COLLATE utf8mb4_unicode_ci NOT NULL,
  `remember_token` varchar(100) COLLATE utf8mb4_unicode_ci DEFAULT NULL,
  `created_at` timestamp NULL DEFAULT NULL,
  `updated_at` timestamp NULL DEFAULT NULL,
  `status` enum('active','blocked') COLLATE utf8mb4_unicode_ci NOT NULL DEFAULT 'active',
  `image` varchar(255) COLLATE utf8mb4_unicode_ci DEFAULT NULL,
  `last_login_at` timestamp NULL DEFAULT NULL,
  PRIMARY KEY (`id`),
  UNIQUE KEY `users_email_unique` (`email`)
) ENGINE=InnoDB AUTO_INCREMENT=3 DEFAULT CHARSET=utf8mb4 COLLATE=utf8mb4_unicode_ci;
/*!40101 SET character_set_client = @saved_cs_client */;

--
-- Dumping data for table `users`
--

LOCK TABLES `users` WRITE;
/*!40000 ALTER TABLE `users` DISABLE KEYS */;
INSERT INTO `users` VALUES (1,1,'Администратор','avb_2@mail.ru',NULL,'$2y$10$IKtdB3Feq6c6piLM.PE1Hu8AhoUPvocdz73ELCFEMIr6nsyQTBqly','G6KVJVA6Y9hOAGl685cbb2yAKkywIS4H6tCcBJNWmm9itnnmN6sGxjc0kI2B','2023-02-08 14:37:42','2023-02-22 16:30:48','active',NULL,'2023-02-22 16:30:48'),(2,0,'Пользователь 1','test@mail.ru',NULL,'$2y$10$4SPeCbOkMHmArMYU9QoONOVplAHfhd/euv5X2E2KTNNnt5m1PZyNC',NULL,'2023-02-09 11:58:12','2023-02-11 15:33:30','active',NULL,'2023-02-11 15:33:30');
/*!40000 ALTER TABLE `users` ENABLE KEYS */;
UNLOCK TABLES;

--
-- Dumping routines for database 'news'
--
/*!40103 SET TIME_ZONE=@OLD_TIME_ZONE */;

/*!40101 SET SQL_MODE=@OLD_SQL_MODE */;
/*!40014 SET FOREIGN_KEY_CHECKS=@OLD_FOREIGN_KEY_CHECKS */;
/*!40014 SET UNIQUE_CHECKS=@OLD_UNIQUE_CHECKS */;
/*!40101 SET CHARACTER_SET_CLIENT=@OLD_CHARACTER_SET_CLIENT */;
/*!40101 SET CHARACTER_SET_RESULTS=@OLD_CHARACTER_SET_RESULTS */;
/*!40101 SET COLLATION_CONNECTION=@OLD_COLLATION_CONNECTION */;
/*!40111 SET SQL_NOTES=@OLD_SQL_NOTES */;

-- Dump completed on 2023-02-23 10:55:38
